,Sector,Coordinates
0,Sector 1,
1,Sector 2,
2,Sector 3,
3,Sector 4,
4,Sector 5,
5,Sector 6,
6,Sector 7,
7,Sector 8,
8,Sector 9,
9,Sector 10,
10,Sector 11,
11,Sector 12,
12,Sector 13,
13,Sector 14,
14,Sector 15,
15,Sector 16,
16,Sector 17,
17,Sector 18,
18,Sector 19,
19,Sector 20,
20,Sector 21,
21,Sector 22,
22,Sector 23,
23,Sector 24,
24,Sector 25,
25,Sector 26,
26,Sector 27,
27,Sector 28,
28,Sector 29,
29,Sector 30,
30,Sector 31,
31,Sector 32,
32,Sector 33,
33,Sector 34,
34,Sector 35,
35,Sector 36,
36,Sector 37,
37,Sector 38,
38,Sector 39,
39,Sector 40,
40,Sector 41,
41,Sector 42,
42,Sector 43,
43,Sector 44,
44,Sector 45,
45,Sector 46,
46,Sector 47,
47,Sector 48,
48,Sector 49,
49,Sector 50,
50,Sector 51,
51,Sector 52,
52,Sector 53,
53,Sector 54,
54,Sector 55,
55,Sector 56,
56,Sector 57,
57,Sector 58,
58,Sector 59,
59,Sector 60,
60,Sector 61,
61,Sector 62,
62,Sector 63,
63,Sector 64,
64,Sector 65,
65,Sector 66,
66,Sector 67,
67,Sector 68,
68,Sector 69,
69,Sector 70,
70,Sector 71,
71,Sector 72,
72,Sector 73,
73,Sector 74,
74,Sector 75,
75,Sector 76,
76,Sector 77,
77,Sector 78,
78,Sector 79,
79,Sector 80,
80,Sector 81,
81,Sector 82,
82,Sector 83,
83,Sector 84,
84,Sector 85,
85,Sector 86,
86,Sector 87,
87,Sector 88,
88,Sector 89,
89,Sector 90,
90,Sector 91,
91,Sector 92,
92,Sector 93,
93,Sector 94,
94,Sector 95,
95,Sector 96,
96,Sector 97,
97,Sector 98,
98,Sector 99,
99,Sector 100,
100,Sector 101,
101,Sector 102,
102,Sector 103,
103,Sector 104,
104,Sector 105,
105,Sector 106,
106,Sector 107,
107,Sector 108,
108,Sector 109,
109,Sector 110,
110,Sector 111,
111,Sector 112,
112,Sector 113,
113,Sector 114,
114,Sector 115,
